<?xml version="1.0" encoding="UTF-8"?>
<root>
  <item name="com.devil.library.camera.listener.OnPreviewCaptureListener void onPreviewCapture(java.lang.String, int) 1">
    <annotation name="androidx.annotation.IntDef">
      <val name="value" val="{com.devil.library.camera.listener.OnPreviewCaptureListener.MediaTypePicture, com.devil.library.camera.listener.OnPreviewCaptureListener.MediaTypeVideo}" />
    </annotation>
  </item>
  <item name="com.devil.library.camera.listener.OnPreviewCaptureListener.MediaType">
    <annotation name="androidx.annotation.IntDef">
      <val name="value" val="{com.devil.library.camera.listener.OnPreviewCaptureListener.MediaTypePicture, com.devil.library.camera.listener.OnPreviewCaptureListener.MediaTypeVideo}" />
    </annotation>
  </item>
</root>

