<?xml version="1.0" encoding="UTF-8"?>
<root>
  <item name="com.bytedance.applog.util.UriConstants REGION_DEFAULT">
    <annotation name="android.support.annotation.IntDef">
      <val name="value" val="{com.bytedance.applog.util.UriConstants.DEFAULT}" />
    </annotation>
  </item>
  <item name="com.bytedance.applog.util.UriConstants com.bytedance.applog.UriConfig createUriConfig(int) 0">
    <annotation name="android.support.annotation.IntDef">
      <val name="value" val="{com.bytedance.applog.util.UriConstants.DEFAULT}" />
    </annotation>
  </item>
  <item name="com.bytedance.applog.util.UriConstants.UriRegion">
    <annotation name="android.support.annotation.IntDef">
      <val name="value" val="{com.bytedance.applog.util.UriConstants.DEFAULT}" />
    </annotation>
  </item>
</root>

