<?xml version="1.0" encoding="UTF-8"?>
<root>
  <item name="androidx.transition.SidePropagation void setSide(int) 0">
    <annotation name="androidx.annotation.IntDef">
      <val name="value" val="{android.view.Gravity.LEFT, android.view.Gravity.TOP, android.view.Gravity.RIGHT, android.view.Gravity.BOTTOM, android.view.Gravity.START, android.view.Gravity.END}" />
    </annotation>
  </item>
  <item name="androidx.transition.Slide int getSlideEdge()">
    <annotation name="androidx.annotation.IntDef">
      <val name="value" val="{android.view.Gravity.LEFT, android.view.Gravity.TOP, android.view.Gravity.RIGHT, android.view.Gravity.BOTTOM, android.view.Gravity.START, android.view.Gravity.END}" />
    </annotation>
  </item>
  <item name="androidx.transition.Slide void setSlideEdge(int) 0">
    <annotation name="androidx.annotation.IntDef">
      <val name="value" val="{android.view.Gravity.LEFT, android.view.Gravity.TOP, android.view.Gravity.RIGHT, android.view.Gravity.BOTTOM, android.view.Gravity.START, android.view.Gravity.END}" />
    </annotation>
  </item>
  <item name="androidx.transition.Slide.GravityFlag">
    <annotation name="androidx.annotation.IntDef">
      <val name="value" val="{android.view.Gravity.LEFT, android.view.Gravity.TOP, android.view.Gravity.RIGHT, android.view.Gravity.BOTTOM, android.view.Gravity.START, android.view.Gravity.END}" />
    </annotation>
  </item>
  <item name="androidx.transition.Transition int[] parseMatchOrder(java.lang.String)">
    <annotation name="androidx.annotation.IntDef">
      <val name="value" val="{androidx.transition.Transition.MATCH_INSTANCE, androidx.transition.Transition.MATCH_NAME, androidx.transition.Transition.MATCH_ID, androidx.transition.Transition.MATCH_ITEM_ID}" />
    </annotation>
  </item>
  <item name="androidx.transition.Transition void setMatchOrder(int...) 0">
    <annotation name="androidx.annotation.IntDef">
      <val name="value" val="{androidx.transition.Transition.MATCH_INSTANCE, androidx.transition.Transition.MATCH_NAME, androidx.transition.Transition.MATCH_ID, androidx.transition.Transition.MATCH_ITEM_ID}" />
    </annotation>
  </item>
  <item name="androidx.transition.Transition.MatchOrder">
    <annotation name="androidx.annotation.IntDef">
      <val name="value" val="{androidx.transition.Transition.MATCH_INSTANCE, androidx.transition.Transition.MATCH_NAME, androidx.transition.Transition.MATCH_ID, androidx.transition.Transition.MATCH_ITEM_ID}" />
    </annotation>
  </item>
  <item name="androidx.transition.Visibility int getMode()">
    <annotation name="androidx.annotation.IntDef">
      <val name="flag" val="true" />
      <val name="value" val="{androidx.transition.Visibility.MODE_IN, androidx.transition.Visibility.MODE_OUT}" />
    </annotation>
  </item>
  <item name="androidx.transition.Visibility void setMode(int) 0">
    <annotation name="androidx.annotation.IntDef">
      <val name="flag" val="true" />
      <val name="value" val="{androidx.transition.Visibility.MODE_IN, androidx.transition.Visibility.MODE_OUT}" />
    </annotation>
  </item>
  <item name="androidx.transition.Visibility.Mode">
    <annotation name="androidx.annotation.IntDef">
      <val name="flag" val="true" />
      <val name="value" val="{androidx.transition.Visibility.MODE_IN, androidx.transition.Visibility.MODE_OUT}" />
    </annotation>
  </item>
</root>

